[
    {
        "resolutionType": "greedy",
        "time": 73.272,
        "nombre de tache": 5,
        "moyenne du cout de route": 3431.023206017884
    },
    {
        "resolutionType": "PSI",
        "time": 89.387,
        "nombre de tache": 5,
        "moyenne du cout de route": 3475.4230287511823
    },
    {
        "resolutionType": "SSI",
        "time": 80.442,
        "nombre de tache": 5,
        "moyenne du cout de route": 3229.778703580129
    },
    {
        "resolutionType": "regret",
        "time": 76.898,
        "nombre de tache": 5,
        "moyenne du cout de route": 3656.415035730624
    }
]