{
  "agt_metrics": {
    "Tache_15": {
      "activity_ratio": 0.008825412007680675,
      "count_ext_msg": {
        "Tache_19": 1,
        "_discovery_Tache_15": 8
      },
      "cycles": {
        "Tache_19": 0
      },
      "size_ext_msg": {
        "Tache_19": 2,
        "_discovery_Tache_15": 0
      }
    },
    "Tache_16": {
      "activity_ratio": 0.027676332244214612,
      "count_ext_msg": {
        "Tache_15": 2,
        "_discovery_Tache_16": 8
      },
      "cycles": {
        "Tache_15": 0
      },
      "size_ext_msg": {
        "Tache_15": 7,
        "_discovery_Tache_16": 0
      }
    },
    "Tache_17": {
      "activity_ratio": 0.06774100720831838,
      "count_ext_msg": {
        "Tache_16": 2,
        "_discovery_Tache_17": 8
      },
      "cycles": {
        "Tache_16": 0
      },
      "size_ext_msg": {
        "Tache_16": 15,
        "_discovery_Tache_17": 0
      }
    },
    "Tache_18": {
      "activity_ratio": 0.22704042539296798,
      "count_ext_msg": {
        "Tache_17": 2,
        "_discovery_Tache_18": 8
      },
      "cycles": {
        "Tache_17": 0
      },
      "size_ext_msg": {
        "Tache_17": 35,
        "_discovery_Tache_18": 0
      }
    },
    "Tache_19": {
      "activity_ratio": 1.277181356053384,
      "count_ext_msg": {
        "Tache_18": 1,
        "_discovery_Tache_19": 8
      },
      "cycles": {
        "Tache_18": 0
      },
      "size_ext_msg": {
        "Tache_18": 81,
        "_discovery_Tache_19": 0
      }
    }
  },
  "assignment": {
    "Tache_15": "T0",
    "Tache_16": "T1",
    "Tache_17": "T2",
    "Tache_18": "T2",
    "Tache_19": "T1"
  },
  "cost": 1650.4293985725976,
  "cycle": 0,
  "msg_count": 48,
  "msg_size": 140,
  "status": "FINISHED",
  "time": 0.05881966499964619,
  "violation": 0
}