[
    {"start": [178, 492], "end": [653, 211], "task_id": 0},
    {"start": [456, 324], "end": [732, 547], "task_id": 1},
    {"start": [23, 98], "end": [512, 450], "task_id": 2},
    {"start": [189, 567], "end": [765, 340], "task_id": 3},
    {"start": [76, 235], "end": [401, 513], "task_id": 4},
    {"start": [312, 499], "end": [598, 124], "task_id": 5},
    {"start": [20, 578], "end": [700, 342], "task_id": 6},
    {"start": [451, 321], "end": [732, 120], "task_id": 7},
    {"start": [87, 45], "end": [543, 487], "task_id": 8},
    {"start": [349, 556], "end": [412, 145], "task_id": 9},
    {"start": [125, 410], "end": [674, 532], "task_id": 10},
    {"start": [214, 225], "end": [534, 587], "task_id": 11},
    {"start": [298, 344], "end": [768, 123], "task_id": 12},
    {"start": [178, 90], "end": [645, 400], "task_id": 13},
    {"start": [387, 567], "end": [498, 234], "task_id": 14},
    {"start": [501, 302], "end": [799, 500], "task_id": 15},
    {"start": [43, 270], "end": [567, 498], "task_id": 16},
    {"start": [122, 455], "end": [643, 178], "task_id": 17},
    {"start": [312, 234], "end": [589, 567], "task_id": 18},
    {"start": [145, 567], "end": [732, 230], "task_id": 19},
    {"start": [231, 321], "end": [456, 543], "task_id": 20},
    {"start": [321, 100], "end": [654, 432], "task_id": 21},
    {"start": [98, 578], "end": [401, 267], "task_id": 22},
    {"start": [209, 345], "end": [765, 543], "task_id": 23},
    {"start": [178, 432], "end": [598, 112], "task_id": 24},
    {"start": [432, 567], "end": [702, 123], "task_id": 25},
    {"start": [178, 390], "end": [509, 498], "task_id": 26},
    {"start": [290, 321], "end": [600, 432], "task_id": 27},
    {"start": [256, 156], "end": [698, 278], "task_id": 28},
    {"start": [321, 389], "end": [432, 576], "task_id": 29},
    {"start": [543, 122], "end": [765, 290], "task_id": 30},
    {"start": [231, 321], "end": [501, 567], "task_id": 31},
    {"start": [189, 456], "end": [654, 178], "task_id": 32},
    {"start": [43, 290], "end": [498, 576], "task_id": 33},
    {"start": [178, 490], "end": [700, 321], "task_id": 34},
    {"start": [498, 210], "end": [789, 576], "task_id": 35},
    {"start": [321, 567], "end": [654, 210], "task_id": 36},
    {"start": [198, 321], "end": [509, 400], "task_id": 37},
    {"start": [345, 176], "end": [678, 432], "task_id": 38},
    {"start": [209, 543], "end": [589, 178], "task_id": 39},
    {"start": [432, 231], "end": [678, 500], "task_id": 40},
    {"start": [120, 389], "end": [543, 210], "task_id": 41},
    {"start": [156, 498], "end": [576, 189], "task_id": 42},
    {"start": [432, 156], "end": [701, 398], "task_id": 43},
    {"start": [567, 234], "end": [789, 489], "task_id": 44},
    {"start": [109, 378], "end": [678, 543], "task_id": 45},
    {"start": [243, 490], "end": [543, 123], "task_id": 46},
    {"start": [123, 432], "end": [578, 321], "task_id": 47},
    {"start": [178, 500], "end": [543, 132], "task_id": 48},
    {"start": [298, 176], "end": [643, 432], "task_id": 49}
]